<assembly xmlns="http://maven.apache.org/plugins/maven-assembly-plugin/assembly/1.1.2"
		  xmlns:xsi="http://www.w3.org/2001/XMLSchema-instance"
		  xsi:schemaLocation="http://maven.apache.org/plugins/maven-assembly-plugin/assembly/1.1.2 http://maven.apache.org/xsd/assembly-1.1.2.xsd">

	<id>jodd-zip</id>

	<formats>
		<format>dir</format>
		<format>zip</format>
	</formats>

	<includeBaseDirectory>false</includeBaseDirectory>

	<dependencySets>
		<dependencySet>
			<outputDirectory>/addon</outputDirectory>
			<includes>
				<include>org.jodd:jodd-joy</include>
				<include>org.jodd:jodd-swingspy</include>
			</includes>
			<unpack>false</unpack>
			<scope>runtime</scope>
		</dependencySet>
	</dependencySets>

	<fileSets>
		<fileSet>
			<directory>target</directory>
			<outputDirectory>/</outputDirectory>
			<includes>
				<include>*.jar</include>
			</includes>
		</fileSet>
		<fileSet>
			<directory>../</directory>
			<outputDirectory>/</outputDirectory>
			<includes>
				<include>*.txt</include>
				<include>*.diz</include>
			</includes>
		</fileSet>
	</fileSets>
</assembly>